Tipo de actividad,Fecha,Favorito,Título,Distancia,Calorías,Tiempo,Frecuencia cardiaca media,FC máxima,TE aeróbico,Cadencia de carrera media,Cadencia de carrera máxima,Ritmo medio,Ritmo óptimo,Ascenso total,Descenso total,Longitud media de zancada,Relación vertical media,Oscilación vertical media,Tiempo medio de contacto con el suelo,GAP medio,Normalized Power® (NP®),Training Stress Score®,Potencia media,Potencia máxima,Pasos,Descarga de Body Battery,Temperatura mínima,Descompresión,Mejor tiempo de vuelta,Número de vueltas,Temperatura máxima,Ritmo respiratorio medio,Ritmo mínimo de respiración,Ritmo máximo de respiración,Tiempo en movimiento,Tiempo transcurrido,Altura mínima,Altura máxima
Carrera,2026-04-30 13:36:56,false,Easy Run,10.02,,00:57:50,150,171,,,,5:05,,,,,,,,,,,,,,,,,,,,,,,,,,
Carrera,2026-04-28 19:41:08,false,Easy Run,8.73,,00:43:04,159,171,,,,4:56,,,,,,,,,,,,,,,,,,,,,,,,,,
Carrera,2026-04-25 18:00:30,false,Race – Volta a Peu,5.03,,00:19:43,186,205,,,,3:55,,,,,,,,,,,,,,,,,,,,,,,,,,
Carrera,2026-04-23 12:48:10,false,Easy Run – Calma,10.01,,00:59:51,154,189,,,,5:37,,,,,,,,,,,,,,,,,,,,,,,,,,
Carrera,2026-04-22 09:23:53,false,Intervals – 5x1km,8.32,,00:55:23,154,188,,,,4:56,,,,,,,,,,,,,,,,,,,,,,,,,,
Carrera,2026-04-21 09:06:49,false,Easy Run – Relajadooo,7.62,,00:45:51,132,150,,,,6:01,,,,,,,,,,,,,,,,,,,,,,,,,,
Carrera,2026-04-20 19:54:03,false,Easy Run – Z2 60’,10.63,,01:03:16,134,153,,,,5:48,,,,,,,,,,,,,,,,,,,,,,,,,,
Carrera,2026-04-18 09:02:23,false,Easy Run – Parkrun en Buckingham,5.01,,00:21:15,179,189,,,,4:14,,,,,,,,,,,,,,,,,,,,,,,,,,
Carrera,2026-04-18 08:34:15,false,Easy Run – Morning Run,2.37,,00:13:16,138,150,,,,5:35,,,,,,,,,,,,,,,,,,,,,,,,,,
Carrera,2026-04-16 16:50:17,false,Easy Run – En Casa En Buckingham,9.21,,00:45:12,164,184,,,,4:53,,,,,,,,,,,,,,,,,,,,,,,,,,
Carrera,2026-04-14 18:05:04,false,Easy Run – Una Hora Tranquila,11.39,,01:00:55,154,175,,,,5:17,,,,,,,,,,,,,,,,,,,,,,,,,,
Carrera,2026-04-12 09:00:36,false,Race – 10K Marca Personal | Carrera de Empresas,10.07,767,00:41:27,178,191,5.0,176,188,4:07,3:41,21,20,1.38,6.9,9.5,232,4:07,467,0.0,465,573,"7,256",-22,21.0,No,00:00:15.1,11,25.0,00:41:24,00:41:27,22,33
Carrera,2026-04-11 14:35:27,false,Easy Run,7.32,532,00:38:49,134,156,2.8,162,196,5:18,3:06,19,17,1.15,8.0,9.1,262,5:19,363,0.0,359,646,"6,322",-11,27.0,No,00:00:06.6,17,29.0,00:38:29,00:46:31,20,30
Carrera,2026-04-10 08:59:07,false,Recovery Run,7.02,571,00:40:13,139,158,3.1,173,182,5:44,4:55,9,11,1.00,8.3,8.4,264,5:45,331,0.0,330,406,"6,946",-12,22.0,No,00:00:07.4,8,26.0,00:40:10,00:40:13,3,11
Carrera,2026-04-07 19:40:28,false,Easy Run – Rodaje 60’,11.70,953,01:00:00,157,187,4.1,171,181,5:08,4:12,18,12,1.14,7.9,9.0,258,5:07,378,0.0,376,511,"10,294",-14,20.0,No,01:00:00,1,25.0,00:59:58,01:00:50,5,20
Carrera,2026-04-03 18:19:31,false,Progressive Run,15.01,"1,181",01:13:21,160,186,5.0,170,180,4:53,3:54,41,46,1.20,7.7,9.1,253,4:54,402,0.0,399,566,"12,530",-14,23.0,No,00:00:04.2,16,27.0,01:12:55,01:19:15,5,30
Carrera,2026-03-28 12:05:56,false,Intervals – 6x1km,9.02,710,00:42:25,163,189,4.4,164,188,4:42,3:27,15,17,1.26,7.2,8.8,243,4:43,438,0.0,399,598,"7,046",-14,24.0,No,00:01:30,14,26.0,--,--,--,00:41:42,00:42:25,10,21
Carrera,2026-03-26 18:40:13,false,Easy Run,10.01,780,00:51:34,148,163,3.7,171,182,5:09,3:59,18,15,1.13,7.9,9.0,259,5:09,380,0.0,377,549,"8,824",-11,18.0,No,00:00:06.6,11,22.0,--,--,--,00:51:30,00:51:34,6,19
Carrera,2026-03-25 18:33:15,false,Tempo Run,11.19,813,00:53:02,153,187,4.1,169,182,4:44,3:55,30,30,1.23,7.6,9.3,251,4:45,409,0.0,405,571,"9,024",-13,22.0,No,00:00:51.1,12,27.0,--,--,--,00:52:47,00:57:29,5,23
Carrera,2026-03-22 09:00:00,true,Race – 10K Pas Ras 10km | 42:15,10.00,712,00:41:34,166,192,4.5,176,192,4:09,3:26,3,4,1.36,6.9,9.4,232,4:09,458,0.0,457,558,"7,300",-16,17.0,No,00:00:03.0,11,22.0,--,--,--,00:41:30,00:42:36,1,5
Carrera,2026-03-17 19:36:59,false,Intervals – 10x1',6.67,529,00:33:01,158,189,3.6,166,195,4:57,3:18,12,10,1.20,7.5,8.8,245,4:50,421,0.0,386,575,"5,552",-9,21.0,No,00:00:59.6,23,26.0,--,--,--,00:32:46,00:34:36,14,19
Carrera,2026-03-16 19:55:47,false,Easy Run,6.13,469,00:31:44,147,179,3.1,168,180,5:11,4:10,28,24,1.14,8.0,9.0,258,5:07,380,0.0,369,582,"5,382",-8,21.0,No,00:00:43.8,2,27.0,--,--,--,00:31:27,00:34:58,8,22
Carrera,2026-03-13 11:54:44,false,Easy Run – Las Huertas con guapos,12.55,"1,105",01:07:57,165,184,4.6,168,188,5:25,3:46,28,26,1.09,8.0,8.7,259,5:25,357,0.0,351,547,"11,542",-18,23.0,No,01:07:57,1,27.0,--,--,--,01:06:56,01:13:43,20,34
Carrera,2026-03-12 13:12:40,false,Easy Run – Rodaje,14.01,"1,128",01:10:25,163,182,4.6,169,178,5:02,3:57,32,33,1.17,7.8,9.1,256,5:02,380,0.0,379,512,"11,960",-18,25.0,No,01:10:25,1,32.0,--,--,--,01:10:06,01:18:16,11,32
Carrera,2026-03-10 19:42:30,false,Intervals – 11x1',10.01,806,00:48:28,164,191,4.4,170,182,4:51,3:37,23,20,1.21,7.6,9.2,252,4:49,411,0.0,405,549,"8,234",-13,20.0,No,00:00:14.8,27,25.0,--,--,--,00:48:15,00:50:46,6,19
Carrera,2026-03-07 15:41:24,false,Tempo Run,10.20,765,00:46:31,161,187,4.2,171,182,4:34,3:47,39,43,1.26,7.4,9.3,245,4:33,433,0.0,428,666,"8,054",-14,18.0,No,00:46:31,1,26.0,--,--,--,00:46:25,00:49:16,5,24
Carrera,2026-03-02 13:00:33,false,Moderate Run – 45’ Min,9.34,691,00:45:00,152,173,3.6,170,179,4:49,3:56,22,23,1.21,7.6,9.2,251,4:47,399,0.0,397,515,"7,734",-14,20.0,No,00:45:00,1,26.0,--,--,--,00:44:51,00:46:56,16,29
Carrera,2026-02-27 14:14:42,false,Intervals – 6x 400/300m,5.95,535,00:51:31,136,190,2.7,94,214,8:39,2:36,5,7,1.27,7.1,7.5,239,8:38,358,0.0,189,711,"5,320",-10,20.0,No,00:00:49.4,13,27.0,--,--,--,00:39:20,01:14:22,15,18
Carrera,2026-02-25 13:37:07,false,Long Run – 15km,15.01,"1,140",01:11:42,160,187,4.7,171,186,4:47,3:50,48,50,1.22,7.6,9.2,250,4:47,406,0.0,400,672,"12,322",-17,22.0,No,01:11:42,1,27.0,--,--,--,01:11:18,01:17:22,6,31
Carrera,2026-02-23 12:58:33,false,Easy Run – Roma,8.33,661,00:45:18,150,181,3.5,164,231,5:26,3:33,109,101,1.12,8.2,9.1,267,5:22,376,0.0,364,621,"7,540",-12,21.0,No,00:45:18,1,31.0,--,--,--,00:44:46,00:49:40,44,72
Carrera,2026-02-20 12:13:07,false,Recovery Run – Tres valencianos salen a correr,11.17,962,01:02:47,158,178,4.1,169,181,5:37,3:46,34,29,1.04,8.3,8.7,266,5:37,340,0.0,338,549,"10,728",-16,24.0,No,01:02:47,1,31.0,--,--,--,01:02:37,01:09:39,18,32
Carrera,2026-02-19 19:54:25,false,Easy Run – Los Guiris corriendo por Valencia,8.28,685,00:44:01,157,171,3.7,168,179,5:19,3:04,18,22,1.13,8.1,9.1,264,5:18,373,0.0,370,707,"7,438",-10,22.0,No,00:44:01,1,27.0,--,--,--,00:43:53,00:47:10,17,27
Carrera,2026-02-17 19:39:05,false,Intervals – 10x Hill Reps,7.76,701,00:46:14,157,193,3.6,151,240,5:57,2:21,86,82,1.07,8.0,8.0,260,5:55,359,0.0,310,751,"7,172",-10,22.0,No,00:00:10.3,27,26.0,--,--,--,00:45:22,00:51:07,15,27
Carrera,2026-02-15 10:21:39,false,Long Run – 17km,17.47,"1,500",01:35:17,160,180,4.9,172,181,5:27,3:48,71,72,1.06,8.1,8.6,261,5:27,364,0.0,359,544,"16,472",-26,19.0,No,01:35:17,1,23.0,--,--,--,01:35:12,01:39:23,1,20
Carrera,2026-02-12 19:39:55,false,Intervals – 3x3',10.03,832,00:51:26,164,193,4.6,166,187,5:08,3:36,11,14,1.16,7.8,8.9,255,5:08,413,0.0,381,621,"8,636",-16,21.0,No,00:01:59.6,11,24.0,--,--,--,00:51:07,00:55:49,8,17
Carrera,2026-02-10 19:32:00,false,Easy Run – Rodaje en el viento,7.00,524,00:35:08,148,171,3.4,168,215,5:01,3:53,35,31,1.18,7.8,9.2,256,5:01,390,0.0,383,592,"5,940",-9,24.0,No,00:00:20.1,8,28.0,--,--,--,00:34:45,00:37:47,6,21
Carrera,2026-02-08 09:43:05,false,Moderate Run – Correr por la playa,6.32,496,00:30:01,163,192,3.7,173,186,4:45,3:46,17,19,1.22,7.5,9.0,248,4:43,406,0.0,401,502,"5,200",-10,20.0,No,00:01:31.5,7,30.0,--,--,--,00:29:54,00:35:06,0,5
Carrera,2026-02-06 13:23:17,false,Moderate Run,10.17,788,00:48:29,161,188,4.4,172,181,4:46,4:03,60,59,1.21,7.5,9.1,250,4:45,405,0.0,403,588,"8,312",-15,24.0,No,00:00:53.4,11,30.0,--,--,--,00:48:21,00:53:34,4,23
Carrera,2026-02-03 19:40:14,false,Intervals – 6x4',10.80,852,00:55:05,155,188,4.0,165,192,5:06,3:16,10,15,1.19,7.6,8.8,250,5:05,396,0.0,367,574,"9,164",-13,19.0,No,00:01:27.7,16,29.0,--,--,--,00:54:35,01:02:14,7,21
Carrera,2026-01-27 09:50:12,false,Moderate Run – Demasiado calor,8.03,652,00:40:00,164,189,4.0,165,231,4:59,3:24,20,23,1.20,7.8,9.3,257,5:00,380,0.0,375,598,"6,690",-13,29.0,No,00:00:13.9,9,34.0,--,--,--,00:39:12,00:49:35,154,166
Carrera,2026-01-25 08:07:34,false,Easy Run,4.18,337,00:21:49,152,177,3.0,166,179,5:13,2:47,22,20,1.16,7.9,9.0,259,5:13,375,0.0,367,683,"3,666",-6,24.0,No,00:00:57.3,5,30.0,--,--,--,00:21:14,00:26:00,6,20
Carrera,2026-01-22 10:24:15,false,Tempo Run,10.01,769,00:48:56,156,188,3.9,165,183,4:53,3:05,71,79,1.20,7.6,9.1,251,4:54,406,0.0,394,706,"8,238",-16,22.0,No,00:00:02.7,11,28.0,--,--,--,00:48:11,01:11:57,3,28
Carrera,2026-01-21 09:19:51,false,Easy Run – Primera Carrera en Melbourne,11.47,910,00:58:44,154,190,3.9,167,182,5:07,1:39,31,34,1.14,7.8,8.9,256,5:12,367,0.0,364,"1,185","9,944",-19,24.0,No,00:02:14.2,12,30.0,--,--,--,00:57:31,01:17:37,3,19
Carrera,2026-01-18 09:01:25,false,Race – Galápagos 5K | 19:26,5.03,321,00:19:33,155,163,3.1,179,194,3:53,3:34,3,2,1.43,6.6,9.4,222,3:53,490,0.0,490,554,"3,474",-3,12.0,No,00:00:07.4,6,16.0,--,--,--,00:19:31,00:19:33,24,29
Carrera,2026-01-13 19:39:33,false,Tempo Run,12.14,981,01:02:00,158,190,4.7,164,192,5:07,3:22,11,16,1.19,7.7,8.9,251,5:05,401,0.0,369,564,"10,230",-17,17.0,No,00:00:10.7,14,22.0,--,--,--,01:00:29,01:07:55,6,19
Carrera,2026-01-11 09:50:42,false,Race – 10K Que Gracioso! | Valencia 10km,10.14,790,00:42:32,179,191,5.0,176,194,4:12,3:02,20,19,1.34,7.0,9.3,234,4:13,463,0.0,457,710,"7,454",-22,16.0,No,00:00:29.9,11,21.0,--,--,--,00:42:29,00:42:32,4,20
Carrera,2026-01-08 18:03:36,false,Moderate Run,7.08,510,00:35:00,140,163,3.3,167,179,4:56,4:02,41,42,1.20,7.8,9.3,256,4:56,405,0.0,397,553,"5,912",-10,17.0,No,00:00:20.2,8,25.0,--,--,--,00:34:42,00:36:55,6,22
Carrera,2026-01-04 13:11:35,false,Steady Run – Con Lluvia,7.27,552,00:32:39,164,188,4.2,171,183,4:29,3:23,35,30,1.30,7.3,9.4,243,4:28,445,0.0,438,645,"5,590",-12,22.0,No,00:01:14.6,8,29.0,--,--,--,00:32:30,00:35:58,7,23
Carrera,2026-01-02 13:38:38,false,Intervals – 4x1km,6.24,505,00:31:15,159,194,3.8,152,181,5:00,3:37,12,10,1.29,7.2,9.1,240,4:59,429,0.0,376,573,"4,890",-14,21.0,No,00:00:00.7,13,27.0,--,--,--,00:29:31,00:35:48,15,21
Carrera,2025-12-31 15:28:09,false,Moderate Run – Bajo del Sol de Valencia de Nuevo,10.44,804,00:50:34,152,189,4.2,169,181,4:51,4:04,26,25,1.22,7.7,9.3,254,4:51,404,0.0,399,598,"8,582",-14,24.0,No,00:01:56.8,11,28.0,--,--,--,00:50:09,00:53:05,15,31
Carrera,2025-12-24 14:28:59,false,Fast Run – Un Poquito de Velocidad,3.02,206,00:12:58,147,158,2.7,174,183,4:18,3:45,20,16,1.33,7.0,9.4,236,4:14,469,0.0,461,583,"2,268",-4,19.0,No,00:00:05.2,4,28.0,--,--,--,00:12:54,00:12:58,113,122
Carrera,2025-12-23 13:29:30,false,Tempo Run,7.12,513,00:32:35,150,166,3.4,170,183,4:35,4:11,75,74,1.28,7.5,9.6,250,4:33,439,0.0,428,616,"5,542",-9,15.0,No,00:32:35,1,27.0,--,--,--,00:32:33,00:32:35,93,130
Carrera,2025-12-19 08:32:15,false,Moderate Run – En Casaaaa,6.03,500,00:30:01,166,184,3.7,169,186,4:59,4:04,56,55,1.18,7.8,9.3,258,4:55,404,0.0,391,687,"5,078",-7,20.0,No,00:30:01,1,28.0,--,--,--,00:29:55,00:30:16,78,120
Carrera,2025-12-09 19:47:55,false,Easy Run – Runners Ciutattt,9.36,766,00:50:43,151,166,3.4,169,177,5:25,4:33,10,9,1.09,8.2,8.9,265,5:25,357,0.0,355,450,"8,612",-11,18.0,No,00:50:43,1,25.0,--,--,--,00:50:39,00:55:51,6,15
Carrera,2025-12-07 13:18:46,false,Easy Run – ☀️☀️,5.70,413,00:28:42,141,165,2.8,169,192,5:02,3:52,30,26,1.16,7.8,9.0,256,5:02,395,0.0,381,709,"4,914",-7,26.0,No,00:28:42,1,28.0,--,--,--,00:28:32,00:30:20,11,22
Carrera,2025-12-05 17:19:27,false,Intervals – 10x200m,8.29,658,00:45:07,139,166,3.2,166,194,5:26,3:20,94,93,1.11,8.3,8.9,266,5:19,437,0.0,381,778,"7,460",-10,21.0,No,00:00:37.2,21,26.0,--,--,--,00:44:47,00:51:01,5,20
Carrera,2025-12-02 19:37:43,false,Tempo Run,9.64,753,00:47:12,154,176,3.8,171,194,4:54,4:07,13,8,1.19,7.6,9.0,250,4:53,407,0.0,396,587,"8,064",-9,20.0,No,00:07:13.6,3,23.0,--,--,--,00:46:30,00:47:12,6,20
Carrera,2025-11-30 12:03:56,false,Progressive Run,10.18,762,00:49:18,154,182,3.9,168,179,4:51,3:02,38,36,1.22,7.7,9.4,255,4:52,400,0.0,395,634,"8,342",-15,21.0,No,00:49:18,1,27.0,--,--,--,00:49:04,00:51:32,6,23
Carrera,2025-11-27 19:38:34,false,Intervals – 5x4',11.71,919,01:00:00,157,192,4.1,162,217,5:07,2:49,15,19,1.21,7.6,8.9,248,5:04,409,0.0,371,615,"9,998",-12,16.0,No,00:00:02.4,13,21.0,--,--,--,00:57:53,01:01:30,7,21
Carrera,2025-11-25 19:41:18,false,Tempo Run – Runners Ciutat,11.44,774,00:55:27,141,151,3.1,170,183,4:51,3:27,22,21,1.20,7.7,9.2,253,4:51,419,0.0,405,626,"9,470",-12,19.0,No,00:01:40.0,7,23.0,--,--,--,00:55:24,01:01:19,6,21
Carrera,2025-11-23 12:26:21,false,Long Run – 23km,23.01,"1,799",02:00:56,155,176,4.6,169,184,5:15,3:21,54,50,1.11,7.9,8.8,258,5:16,373,0.0,369,631,"20,652",-29,23.0,No,00:00:03.2,24,29.0,--,--,--,02:00:22,02:16:05,4,30
Carrera,2025-11-21 14:39:41,false,Progressive Run,12.26,914,00:59:02,157,184,4.3,170,181,4:49,3:41,26,36,1.22,7.7,9.3,253,4:51,397,0.0,394,581,"10,048",-15,20.0,No,00:01:08.8,13,28.0,--,--,--,00:58:45,01:02:23,5,30
Carrera,2025-11-20 18:58:34,false,Recovery Run,6.18,466,00:43:15,122,144,2.1,166,182,7:00,3:53,28,25,0.86,9.4,8.0,284,7:01,278,0.0,274,495,"7,216",-8,23.0,No,00:01:07.0,7,29.0,--,--,--,00:43:03,00:47:15,7,22
Carrera,2025-11-18 20:06:02,false,Recovery Run,2.08,161,00:12:58,129,138,1.7,170,177,6:15,1:21,4,3,0.95,8.7,8.2,271,6:07,313,0.0,310,923,"2,200",-3,27.0,No,00:00:34.3,3,30.0,--,--,--,00:12:54,00:12:58,17,20
Carrera,2025-11-16 08:37:18,false,Race – 30K New Balance XXL | Carrera Larga,30.09,"2,461",02:38:45,164,183,5.0,173,188,5:17,4:10,30,34,1.09,8.0,8.7,258,5:17,360,0.0,359,485,"27,424",-39,21.0,No,00:00:29.8,31,29.0,--,--,--,02:38:35,02:50:25,6,13
Carrera,2025-11-13 19:43:04,false,Tempo Run,12.02,934,00:59:16,162,180,4.0,167,238,4:56,3:57,23,23,1.21,7.8,9.4,259,4:55,392,0.0,389,582,"9,954",-12,26.0,No,00:20:20,2,30.0,--,--,--,00:59:05,01:08:26,7,21
Carrera,2025-11-11 19:40:41,false,Moderate Run,12.06,936,00:59:10,163,182,4.2,169,183,4:54,3:32,19,20,1.20,7.7,9.3,255,4:55,392,0.0,389,587,"10,072",-13,22.0,No,00:59:10,1,27.0,--,--,--,00:58:46,01:04:13,7,19
Carrera,2025-11-10 19:13:59,false,Easy Run,4.03,311,00:20:47,151,169,2.9,167,175,5:10,4:05,8,7,1.17,8.0,9.4,263,5:06,384,0.0,377,481,"3,460",-5,22.0,No,00:00:09.3,5,30.0,--,--,--,00:20:31,00:20:56,14,17
Carrera,2025-11-08 09:03:10,false,ParkRun – Aachener Weiher,5.02,384,00:21:56,178,190,3.7,173,196,4:22,3:44,44,46,1.31,7.2,9.4,240,4:20,462,0.0,453,621,"3,796",-9,15.0,No,00:00:10.4,6,21.0,--,--,--,00:21:54,00:21:56,48,64
Carrera,2025-11-06 19:37:35,false,Easy Run – Runners Ciutat,10.12,857,00:55:39,158,175,4.0,170,179,5:30,3:46,11,12,1.07,8.2,8.8,264,5:29,359,0.0,355,515,"9,484",-11,22.0,No,00:00:38.9,11,25.0,--,--,--,00:55:28,00:55:39,6,18
Carrera,2025-11-04 09:12:44,false,Easy Run – Hala Madrid,5.22,395,00:26:26,150,173,3.1,171,188,5:04,4:02,44,40,1.14,7.7,8.8,253,5:01,400,0.0,389,593,"4,550",-8,18.0,No,00:00:54.8,6,29.0,--,--,--,00:26:08,00:29:31,648,676
Carrera,2025-11-01 09:04:15,false,ParkRun – Bucks,5.00,350,00:21:46,159,194,3.3,173,200,4:21,3:51,32,33,1.32,7.2,9.4,240,4:20,461,0.0,453,607,"3,768",-5,17.0,No,00:04:08.8,5,22.0,--,--,--,00:21:43,00:21:46,74,84
Carrera,2025-11-01 08:29:11,false,Warm-Up,2.55,198,00:13:49,147,165,2.3,168,177,5:25,4:23,9,39,1.11,8.1,9.0,263,5:27,381,0.0,374,516,"2,338",-3,18.0,No,00:13:49,1,27.0,--,--,--,00:13:43,00:13:49,80,117
Carrera,2025-10-30 10:00:16,false,Intervals – 3x1mile,10.17,809,00:53:05,158,190,4.2,161,188,5:13,3:26,56,53,1.20,7.6,8.8,250,5:09,404,0.0,368,578,"8,608",-17,17.0,No,00:02:00,7,27.0,--,--,--,00:52:22,00:56:10,76,117
Carrera,2025-10-28 13:55:22,false,Moderate Run – Beautiful Run in the Countryside ☀️,12.12,955,01:00:32,165,192,4.6,169,184,5:00,3:48,122,123,1.18,7.8,9.2,257,4:56,409,0.0,398,675,"10,260",-16,23.0,No,01:00:32,1,28.0,--,--,--,01:00:22,01:02:49,77,118
Entrenamiento en pista,2025-10-26 13:07:55,false,Recovery Run – 10x 400,"6,930",624,00:44:47,153,189,3.6,119,198,6:28,3:10,14,15,1.32,7.0,8.2,230,--,400,0.0,275,599,"5,796",-11,--,No,00:00:02.0,23,--,--,--,--,00:39:52,00:44:47,87,103
Carrera,2025-10-26 12:52:16,false,Warm-Up,1.93,170,00:13:07,139,169,2.2,137,244,6:49,2:49,16,15,1.08,8.2,8.6,267,6:45,336,0.0,266,679,"1,936",-4,20.0,No,00:01:05.6,2,27.0,--,--,--,00:10:57,00:15:03,86,101
Carrera,2025-10-23 12:23:47,false,Long Run – 15km,15.01,"1,217",01:19:59,164,182,4.6,166,231,5:20,3:45,82,88,1.12,8.1,9.1,265,5:20,360,0.0,359,551,"13,382",-22,28.0,No,01:19:59,1,33.0,--,--,--,01:19:31,01:29:38,7,33
Carrera,2025-10-21 19:41:37,false,Intervals – 5x3',10.78,860,00:55:02,164,191,4.2,165,189,5:06,3:24,13,9,1.17,7.8,9.1,257,5:07,391,0.0,371,570,"9,144",-13,25.0,No,00:01:59.9,11,28.0,--,--,--,00:54:01,01:05:18,6,20
Carrera,2025-10-20 17:31:20,false,Tempo Run,10.02,767,00:49:09,163,185,4.1,166,181,4:54,3:48,33,33,1.21,7.8,9.4,257,4:55,390,0.0,388,538,"8,248",-11,28.0,No,00:00:11.9,11,32.0,--,--,--,00:48:59,00:59:13,5,22
Carrera,2025-10-19 08:31:36,false,Race – 6K Contra Cancer,6.04,436,00:25:30,173,193,4.2,171,188,4:13,3:31,11,12,1.38,7.1,9.9,241,4:14,457,0.0,455,589,"4,348",-13,22.0,No,00:00:10.8,7,26.0,--,--,--,00:25:28,00:25:30,11,22
Carrera,2025-10-15 14:54:43,false,Easy Run,6.34,471,00:33:41,146,172,3.2,164,177,5:19,3:55,29,25,1.14,8.2,9.3,267,5:20,364,0.0,360,504,"5,582",-9,27.0,No,00:33:41,1,31.0,--,--,--,00:33:29,00:36:15,7,23
Carrera,2025-10-08 19:20:52,false,Easy Run,5.06,402,00:26:53,154,170,3.3,168,176,5:19,3:50,8,9,1.13,8.1,9.1,263,5:15,367,0.0,364,538,"4,550",-5,27.0,No,00:26:53,1,29.0,--,--,--,00:26:50,00:26:59,14,20
Carrera,2025-10-07 19:41:42,false,Tempo Run – Runners Ciutat,11.71,950,01:00:17,167,188,4.6,162,184,5:09,3:37,10,9,1.20,7.8,9.2,256,5:09,392,0.0,368,549,"9,810",-16,26.0,No,00:01:33.4,9,28.0,--,--,--,00:59:00,01:10:32,7,17
Carrera,2025-10-05 09:00:57,false,Race – 5K Volta a Peu de Les Falles! | PB,5.01,364,00:19:58,182,192,4.0,176,192,3:59,3:31,10,10,1.42,6.7,9.6,228,3:59,482,0.0,479,577,"3,502",-11,25.0,No,00:00:04.9,6,29.0,--,--,--,00:19:56,00:20:02,16,25
Carrera,2025-10-03 17:28:34,false,Easy Run – Estirar las piernas,5.62,436,00:28:48,158,188,3.4,166,181,5:08,3:50,26,26,1.18,8.0,9.3,263,5:03,397,0.0,386,556,"4,820",-7,28.0,No,00:03:15.3,6,31.0,--,--,--,00:28:36,00:30:07,10,22
Carrera,2025-10-01 14:02:42,false,Recovery Run,10.14,832,00:56:46,160,184,3.8,164,177,5:36,4:35,35,38,1.09,8.4,9.1,273,5:36,348,0.0,345,480,"9,374",-16,28.0,No,00:00:50.7,11,34.0,--,--,--,00:56:32,01:00:55,5,23
Carrera,2025-09-27 22:31:35,true,Race – 15K Nocturna,15.12,"1,233",01:07:52,185,194,5.0,171,188,4:29,3:49,32,31,1.30,7.4,9.6,247,4:29,429,0.0,428,539,"11,582",-27,28.0,No,00:00:30.4,16,31.0,--,--,--,01:07:50,01:07:52,6,24
Carrera,2025-09-25 18:46:27,false,Easy Run,9.20,761,00:50:01,157,178,3.9,168,174,5:26,4:35,19,23,1.09,8.2,9.0,267,5:27,352,0.0,350,503,"8,430",-11,29.0,No,00:50:01,1,31.0,--,--,--,00:49:56,00:51:20,3,27
Carrera,2025-09-23 19:56:07,false,Easy Run,6.63,523,00:35:57,148,166,3.2,166,174,5:25,4:38,29,27,1.10,8.2,9.0,267,5:25,366,0.0,361,507,"6,028",-7,26.0,No,00:35:57,1,28.0,--,--,--,00:35:52,00:37:45,12,27
Carrera,2025-09-16 19:41:03,false,Easy Run,11.14,918,00:57:27,165,185,4.4,167,179,5:10,4:10,27,21,1.16,8.0,9.2,262,5:10,373,0.0,369,509,"9,620",-13,29.0,No,00:57:27,1,31.0,--,--,--,00:57:12,01:10:07,1,20
Carrera,2025-09-14 09:02:10,true,Race – 5K Saint Isidre,5.01,323,00:20:13,156,170,3.2,175,189,4:02,3:31,21,23,1.41,6.8,9.6,230,4:01,482,0.0,477,639,"3,548",-7,27.0,No,00:20:13,1,32.0,--,--,--,00:20:12,00:20:13,12,25
Carrera,2025-09-11 19:36:32,false,Easy Run,6.09,463,00:30:44,152,177,3.4,167,177,5:03,4:05,15,16,1.18,7.8,9.2,258,5:02,389,0.0,384,558,"5,202",-7,29.0,No,00:30:44,1,32.0,--,--,--,00:30:27,00:32:21,12,29
Carrera,2025-09-09 19:41:13,false,Intervals – 5x3',12.51,"1,032",01:05:20,165,190,4.6,160,241,5:13,3:07,17,17,1.18,7.8,9.1,258,5:13,397,0.0,367,598,"10,590",-18,27.0,No,00:02:59.3,11,29.0,--,--,--,01:03:21,01:15:40,-1,15
Carrera,2025-09-06 11:20:57,false,Easy Run – Mañana Diez,10.05,797,00:53:32,157,183,4.0,162,177,5:19,3:53,33,32,1.14,8.2,9.3,268,5:22,365,0.0,360,523,"8,842",-18,29.0,No,00:53:32,1,32.0,--,--,--,00:52:46,00:57:15,4,20
Carrera,2025-09-04 19:41:40,false,Intervals – 6x3',11.63,965,01:01:52,162,189,4.4,161,188,5:19,2:59,26,11,1.16,7.9,9.0,257,5:18,389,0.0,356,626,"10,030",-16,28.0,No,00:00:11.9,15,31.0,--,--,--,01:00:12,01:12:12,-12,14
Carrera,2025-09-02 19:42:29,false,Easy Run – Runners Ciutat,11.58,975,01:00:10,166,186,4.4,169,180,5:12,3:54,16,15,1.13,8.0,9.0,261,5:13,381,0.0,375,537,"10,228",-12,28.0,No,00:03:16.6,3,30.0,--,--,--,01:00:06,01:13:18,1,15
Carrera,2025-09-01 19:25:59,false,Easy Run,4.18,293,00:21:08,134,149,2.6,165,172,5:04,3:59,4,7,1.20,7.9,9.5,263,5:01,393,0.0,386,564,"3,528",-5,29.0,No,00:21:08,1,30.0,--,--,--,00:21:00,00:21:27,17,23
Carrera,2025-08-30 09:36:31,false,Easy Run – La Vuelta,5.06,411,00:26:28,157,182,3.4,167,177,5:14,3:41,18,35,1.14,8.1,9.2,265,5:18,380,0.0,371,575,"4,428",-9,29.0,No,00:26:28,1,32.0,--,--,--,00:26:25,00:27:19,30,52
Carrera,2025-08-23 08:48:39,false,Easy Run – Gran Canaria,6.02,504,00:31:13,163,187,3.7,170,176,5:11,4:46,31,34,1.14,8.0,9.1,260,5:09,377,0.0,372,513,"5,314",-9,29.0,No,00:31:13,1,31.0,--,--,--,00:31:13,00:31:13,11,37
Carrera,2025-08-19 19:13:33,false,Intervals – 10x1',10.68,871,00:57:09,151,188,4.2,159,225,5:21,3:16,22,22,1.14,7.8,8.7,257,5:24,389,0.0,355,618,"9,138",-15,31.0,No,00:01:00,21,33.0,--,--,--,00:56:02,01:04:06,6,30
Entrenamiento en pista,2025-08-14 09:27:13,false,Intervals – 12x400m,"8,000",780,00:54:45,149,185,4.1,107,240,6:51,3:04,--,6,1.34,6.9,8.4,230,--,389,0.0,249,616,"6,378",-15,--,No,00:01:23.2,28,--,--,--,--,00:43:01,00:56:05,5,13
Carrera,2025-08-12 20:09:36,false,Easy Run,10.34,787,00:53:54,146,175,3.6,165,175,5:13,4:05,25,26,1.16,8.1,9.4,267,5:14,371,0.0,370,482,"8,936",-13,30.0,No,00:01:48.4,11,33.0,--,--,--,00:53:41,00:55:31,12,31
Carrera,2025-08-09 09:01:55,false,ParkRun – Aachener Weiher,5.03,362,00:22:17,154,167,3.4,172,179,4:26,3:55,47,48,1.31,7.3,9.5,243,4:23,447,0.0,440,588,"3,826",-5,23.0,No,00:00:07.2,6,27.0,--,--,--,00:22:14,00:22:17,48,64
Carrera,2025-08-07 14:25:51,false,Easy Run – Lazy Run,12.11,982,01:04:21,157,177,4.2,165,229,5:19,3:08,38,44,1.14,8.1,9.2,266,5:18,365,0.0,363,640,"10,632",-18,29.0,No,00:00:29.6,13,32.0,--,--,--,01:04:05,01:11:48,43,59
Carrera,2025-08-06 15:10:12,false,Easy Run – Colonia,6.02,490,00:30:24,160,187,3.8,166,184,5:03,4:04,7,4,1.19,7.9,9.4,260,5:02,387,0.0,384,506,"5,060",-9,26.0,No,00:00:16.1,7,30.0,--,--,--,00:30:06,00:32:41,45,49
Carrera,2025-08-03 10:53:56,false,Moderate Run – De Vuelta a Casa,7.15,495,00:34:35,137,149,3.1,169,176,4:50,4:15,82,79,1.22,7.7,9.5,257,4:48,425,0.0,415,634,"5,828",-10,24.0,No,00:00:42.2,8,28.0,--,--,--,00:34:32,00:34:35,93,130
Carrera,2025-08-02 09:03:33,false,ParkRun – An England,5.02,347,00:22:19,147,157,3.3,174,191,4:27,3:50,22,21,1.28,7.2,9.2,242,4:27,435,0.0,431,508,"3,886",-7,21.0,No,00:00:09.0,6,28.0,--,--,--,00:22:15,00:22:19,39,49
Carrera,2025-07-27 11:03:13,false,Easy Run,6.14,469,00:31:47,147,177,3.3,170,187,5:10,4:15,28,21,1.13,7.9,8.9,258,5:09,377,0.0,369,576,"5,452",-11,29.0,No,00:00:42.7,7,32.0,--,--,--,00:31:42,00:33:09,6,16
Carrera,2025-07-24 18:53:13,false,Progressive Run,5.10,345,00:24:12,139,169,3.1,169,184,4:45,3:44,11,15,1.23,7.5,9.2,248,4:44,414,0.0,400,513,"4,136",-6,24.0,No,00:00:41.4,6,30.0,--,--,--,00:23:56,00:26:41,13,34
Carrera,2025-07-17 20:09:47,false,Easy Run,6.03,448,00:30:39,149,171,3.3,166,177,5:05,4:04,34,28,1.18,7.9,9.3,260,5:02,392,0.0,384,595,"5,122",-8,30.0,No,00:00:09.3,7,33.0,--,--,--,00:30:24,00:34:02,11,24
Carrera,2025-07-15 19:34:18,false,Easy Run,12.01,969,01:02:16,160,178,4.3,170,177,5:11,3:27,28,24,1.13,7.9,9.0,260,5:10,380,0.0,377,653,"10,598",-14,31.0,No,00:00:09.3,13,32.0,--,--,--,01:02:11,01:06:59,1,21
Carrera,2025-07-14 08:57:12,false,Easy Run – Carrera Mañana,7.19,539,00:39:22,142,166,3.1,168,177,5:29,4:25,31,28,1.09,8.2,8.9,266,5:26,357,0.0,351,515,"6,626",-14,29.0,No,00:00:59.7,8,31.0,--,--,--,00:39:11,00:40:52,7,20
Carrera,2025-07-11 09:00:33,false,Easy Run – 60’ en la mañana,11.31,912,01:00:01,160,184,4.1,166,176,5:18,4:31,32,33,1.13,8.1,9.1,265,5:19,362,0.0,359,505,"10,024",-21,31.0,No,00:01:49.7,12,33.0,--,--,--,00:59:50,01:12:50,10,27
Carrera,2025-07-08 19:37:22,false,Tempo Run – Runners Ciutat,8.01,641,00:38:44,168,193,4.4,168,179,4:50,4:08,14,10,1.23,7.7,9.4,256,4:50,406,0.0,402,538,"6,516",-9,30.0,No,00:00:10.6,9,31.0,--,--,--,00:38:37,00:39:32,1,16
Carrera,2025-07-03 10:59:51,false,Easy Run,7.02,549,00:36:54,149,173,3.5,166,177,5:15,4:13,17,17,1.14,8.0,9.1,263,5:15,369,0.0,366,517,"6,168",-10,30.0,No,00:03:14.0,7,33.0,--,--,--,00:36:39,00:40:35,7,25
Carrera,2025-07-01 19:41:04,false,Intervals – 4x1',7.56,642,00:43:19,159,185,3.4,142,225,5:44,2:34,19,19,1.22,7.6,8.6,251,5:42,396,0.0,323,835,"6,362",-10,30.0,No,00:00:15.3,25,33.0,--,--,--,00:40:47,00:55:23,12,27
Carrera,2025-06-28 09:31:35,false,Easy Run,8.03,649,00:43:08,154,174,3.6,167,176,5:22,3:43,38,28,1.11,8.1,9.0,264,5:22,360,0.0,356,549,"7,226",-12,31.0,No,00:00:09.2,9,33.0,--,--,--,00:42:52,00:45:20,-1,17
Carrera,2025-06-26 19:38:55,false,Easy Run – Runners Ciutat,7.07,545,00:36:45,149,178,3.2,168,188,5:12,3:18,8,8,1.13,7.9,8.9,259,5:12,378,0.0,365,600,"6,186",-7,29.0,No,00:00:00.2,17,32.0,--,--,--,00:36:37,00:44:25,5,14
Carrera,2025-06-24 19:40:11,false,Easy Run,4.43,354,00:23:43,152,165,3.1,168,177,5:21,4:18,15,11,1.10,8.1,8.9,264,5:21,364,0.0,357,494,"4,010",-9,29.0,No,00:02:25.9,5,33.0,--,--,--,00:23:42,00:58:39,9,23
Carrera,2025-06-19 19:40:23,false,Progressive Run,9.01,709,00:44:03,163,184,4.1,169,179,4:53,3:54,24,28,1.21,7.7,9.3,254,4:52,408,0.0,401,562,"7,472",-11,30.0,No,00:00:15.3,10,31.0,--,--,--,00:43:51,00:47:35,7,30
Carrera,2025-06-17 19:40:16,false,Easy Run,11.49,959,01:00:13,163,180,4.3,170,188,5:14,4:04,21,24,1.12,7.9,8.8,258,5:15,368,0.0,365,478,"10,304",-14,28.0,No,00:01:38.8,12,31.0,--,--,--,00:59:47,01:10:43,1,15
Carrera,2025-06-14 20:31:43,true,Race – 10K Ponle Freno | 41:52 PB,9.86,709,00:41:52,169,182,4.5,174,188,4:15,3:51,18,18,1.35,7.1,9.5,238,4:15,454,0.0,452,541,"7,238",-11,27.0,No,00:03:47.4,10,30.0,--,--,--,00:41:48,00:42:13,1,12
Carrera,2025-06-13 17:48:13,false,Easy Run,5.02,389,00:26:14,151,178,3.2,171,181,5:13,4:13,14,21,1.11,7.9,8.7,255,5:13,363,0.0,359,500,"4,542",-7,29.0,No,00:26:14,1,32.0,--,--,--,00:26:00,00:29:20,6,22
Entrenamiento en pista,2025-06-11 10:05:55,false,Intervals – 3x1km,"6,240",553,00:48:23,138,191,3.1,112,196,7:45,3:19,--,1,1.22,7.2,8.3,240,--,381,0.0,247,568,"5,578",-11,--,No,00:00:00.8,14,--,--,--,--,00:35:22,00:52:37,12,13
Carrera,2025-06-10 19:40:27,false,Intervals – Fartlek,7.68,636,00:40:00,165,184,3.7,165,203,5:13,2:43,16,15,1.14,7.9,8.8,257,5:12,387,0.0,367,714,"6,622",-13,27.0,No,00:00:14.7,31,31.0,--,--,--,00:39:43,01:09:06,1,22
Carrera,2025-06-08 09:01:11,false,Race – 10K Carrera por la Solidaridad | 42:39,9.74,745,00:42:46,180,191,5.0,173,192,4:23,3:24,34,37,1.31,7.2,9.4,241,4:23,439,0.0,436,607,"7,402",-19,28.0,No,00:03:10.1,10,32.0,--,--,--,00:42:40,00:42:46,13,25
Carrera,2025-06-08 08:23:03,false,Warm-Up,1.91,165,00:14:01,134,152,2.0,136,196,7:20,2:45,3,5,0.98,8.7,8.3,274,7:16,297,0.0,250,663,"2,002",-5,28.0,No,00:06:08.3,2,30.0,--,--,--,00:12:39,00:14:01,28,32
Carrera,2025-06-05 19:39:54,false,Progressive Run,10.94,771,00:53:44,148,177,3.6,169,179,4:55,4:01,17,18,1.20,7.7,9.2,254,4:55,395,0.0,388,517,"9,080",-13,27.0,No,00:01:03.5,13,30.0,--,--,--,00:53:38,01:00:36,-2,15
Carrera,2025-06-03 19:41:00,false,Easy Run – Estamos en Inglaterra? ️,10.77,894,00:54:54,173,197,4.9,169,210,5:06,2:55,24,22,1.14,8.0,9.0,259,5:08,388,0.0,373,626,"9,198",-17,25.0,No,00:00:16.1,41,30.0,--,--,--,00:54:46,00:59:13,-1,19
Carrera,2025-06-01 11:21:41,false,Easy Run – Oooooo se acerca el Verano,8.46,709,00:45:56,165,186,4.2,166,177,5:26,4:38,12,18,1.10,8.2,9.1,268,5:27,350,0.0,349,441,"7,670",-13,31.0,No,00:02:27.2,9,34.0,--,--,--,00:45:45,00:48:08,-4,15
Carrera,2025-05-29 19:40:58,false,Tempo Run,10.96,911,00:54:47,173,193,4.8,168,200,5:00,3:53,10,12,1.19,7.8,9.2,256,5:00,398,0.0,387,547,"9,226",-15,26.0,No,00:00:55.8,14,29.0,--,--,--,00:54:28,01:00:38,1,12
Carrera,2025-05-21 13:33:00,false,Easy Run,5.03,408,00:27:40,149,177,3.1,168,177,5:30,3:59,35,25,1.07,8.2,8.8,265,5:27,362,0.0,354,528,"4,680",-7,28.0,No,00:00:14.5,6,31.0,--,--,--,00:27:31,00:28:55,2,16
Carrera,2025-05-16 10:10:44,false,Recovery Run – Marbella Corriendo,11.02,925,01:02:10,159,174,3.7,168,176,5:38,4:51,14,13,1.05,8.4,8.8,269,5:38,339,0.0,338,439,"10,450",-15,25.0,No,00:00:09.0,12,29.0,--,--,--,01:02:04,01:02:55,8,13
Carrera,2025-05-13 19:40:36,false,Intervals – Sprints,9.08,827,00:59:26,152,189,3.5,140,240,6:33,2:34,134,135,1.06,8.0,7.9,272,6:24,361,0.0,288,847,"8,630",-12,23.0,No,00:00:10.3,42,27.0,--,--,--,00:56:55,01:02:22,14,28
Carrera,2025-05-11 09:00:11,true,Race – 5K VAMOSSSSS!! PB | Carrera José Antonio Redolat,5.03,331,00:19:49,164,171,3.3,177,191,3:56,3:35,8,21,1.42,6.7,9.5,225,3:58,481,0.0,480,566,"3,490",-5,22.0,No,00:00:06.6,6,26.0,--,--,--,00:19:46,00:19:49,12,30
Carrera,2025-05-11 08:35:55,false,Warm-Up,1.93,181,00:14:51,134,153,2.0,123,190,7:42,3:02,10,--,1.06,8.3,8.6,266,7:24,319,0.0,248,602,"1,978",-4,22.0,No,00:07:21.8,2,26.0,--,--,--,00:11:43,00:14:51,19,30
Carrera,2025-05-08 15:21:34,false,Moderate Run,10.27,775,00:51:20,152,181,3.9,166,200,5:00,3:44,48,45,1.20,7.9,9.4,260,5:00,394,0.0,391,552,"8,584",-14,24.0,No,00:01:17.8,11,29.0,--,--,--,00:51:01,00:55:51,0,22
Carrera,2025-05-06 19:41:28,false,Intervals – 3x2',9.15,792,00:50:16,164,192,4.3,150,240,5:30,3:03,20,23,1.20,7.7,8.8,251,5:29,393,0.0,337,616,"7,726",-13,22.0,No,00:00:09.1,26,25.0,--,--,--,00:47:36,00:54:04,8,23
Carrera,2025-05-04 09:00:44,true,Race – 10K CARRERA EMPRESAS,10.04,769,00:42:54,178,193,5.0,175,200,4:16,3:45,32,28,1.33,7.0,9.4,237,4:17,449,0.0,448,564,"7,480",-21,23.0,No,00:00:10.3,11,29.0,--,--,--,00:42:51,00:42:54,16,32
Carrera,2025-05-01 12:28:05,false,Steady Run,4.02,293,00:17:57,164,177,3.1,172,188,4:28,3:06,13,14,1.30,7.1,9.2,239,4:21,438,0.0,427,657,"3,122",-5,24.0,No,00:00:13.5,5,28.0,--,--,--,00:17:39,00:18:23,13,21
Carrera,2025-04-29 19:42:42,false,Easy Run – Carrera Noche,6.01,472,00:31:55,150,190,3.3,168,184,5:19,3:38,22,20,1.11,8.1,8.8,260,5:19,394,0.0,369,588,"5,356",-8,22.0,No,00:01:55.9,7,26.0,--,--,--,00:31:46,00:33:25,11,21
Carrera,2025-04-27 11:18:28,false,Progressive Run,10.17,805,00:52:51,156,181,3.9,168,177,5:12,4:09,20,25,1.15,8.0,9.2,263,5:13,369,0.0,367,492,"8,862",-14,25.0,No,00:00:48.2,11,30.0,--,--,--,00:52:28,00:54:33,1,20
Carrera,2025-04-24 19:41:20,false,Intervals – 3x2',10.53,893,01:03:27,147,183,3.7,143,210,6:01,2:42,28,27,1.19,7.6,8.2,247,5:55,379,0.0,301,643,"9,440",-14,23.0,No,00:00:19.1,33,27.0,--,--,--,01:00:47,01:06:18,11,27
Carrera,2025-04-20 10:55:43,false,Recovery Run – Una hermosa carrera en el sol,11.13,906,01:05:18,147,162,3.3,167,188,5:52,4:58,19,17,1.01,8.5,8.6,271,5:53,326,0.0,324,417,"10,952",-13,25.0,No,00:00:41.4,12,29.0,--,--,--,01:05:04,01:07:08,50,61
Carrera,2025-04-19 08:47:44,false,ParkRun,12.02,990,01:05:08,159,187,3.8,168,180,5:25,3:44,93,85,1.10,8.2,8.9,265,5:22,373,0.0,360,573,"10,916",-21,18.0,No,00:00:11.2,15,30.0,--,--,--,01:04:41,01:26:45,47,64
Carrera,2025-04-15 19:39:33,false,Intervals – 8x Hill Reps,10.63,917,01:07:24,154,188,3.6,136,234,6:20,2:37,133,134,1.15,7.7,8.3,256,6:14,379,0.0,304,728,"9,508",-13,21.0,No,00:00:00.3,51,25.0,--,--,--,01:00:40,01:21:23,7,24
Carrera,2025-04-14 17:53:52,false,"Easy Run – Here, there and everywhere",5.22,367,00:27:05,135,160,2.5,166,179,5:11,3:46,8,7,1.15,7.9,9.0,259,5:06,375,0.0,369,536,"4,546",-8,24.0,No,00:01:08.8,6,26.0,--,--,--,00:26:56,00:43:52,14,23
Carrera,2025-04-12 18:03:42,true,Race – Carreras Popular VI Volta a Peu,3.81,286,00:15:24,185,191,3.5,179,192,4:02,3:24,7,8,1.37,6.7,9.2,227,4:04,476,0.0,474,555,"2,736",-7,23.0,No,00:03:09.6,4,27.0,--,--,--,00:15:23,00:15:24,22,28
Carrera,2025-04-12 17:30:04,false,Warm-Up,1.54,169,00:18:29,117,162,1.8,76,206,11:58,2:50,3,--,1.06,8.3,8.6,267,11:58,280,0.0,154,643,"1,606",-4,25.0,No,00:05:35.5,2,30.0,--,--,--,00:09:15,00:23:07,22,27
Carrera,2025-04-10 17:47:11,false,Easy Run,5.03,407,00:26:32,157,175,3.2,170,186,5:16,4:11,27,25,1.11,8.0,8.8,259,5:13,372,0.0,364,524,"4,528",-7,23.0,No,00:00:12.0,6,27.0,--,--,--,00:26:23,00:27:00,9,19
Carrera,2025-04-08 19:43:36,false,Moderate Run – Runners Ciutat ☀️,8.94,701,00:44:15,162,176,3.9,172,197,4:57,3:14,9,13,1.17,7.7,8.9,251,4:58,392,0.0,387,588,"7,596",-10,22.0,No,00:00:19.9,18,27.0,--,--,--,00:44:02,00:49:01,3,14
Carrera,2025-04-06 09:30:35,true,"Race – 7,5k Abierta Al Mar",7.82,586,00:33:00,180,189,4.5,177,195,4:13,4:00,3,4,1.33,6.9,9.3,233,4:14,451,0.0,450,500,"5,828",-14,23.0,No,00:03:21.0,8,29.0,--,--,--,00:32:58,00:33:00,-5,-3
Carrera,2025-04-06 09:08:57,false,Warm-Up,1.71,172,00:14:32,137,164,2.0,117,196,8:31,3:01,2,3,1.01,8.1,8.0,263,8:14,306,0.0,213,615,"1,902",-4,24.0,No,00:05:47.1,2,27.0,--,--,--,00:11:18,00:14:32,-2,1
Carrera,2025-04-04 17:29:17,false,Easy Run,5.07,379,00:27:05,143,170,2.7,169,196,5:21,3:25,6,4,1.09,7.8,8.5,254,5:21,355,0.0,350,576,"4,628",-8,22.0,No,00:00:21.7,6,30.0,--,--,--,00:26:54,00:45:37,1,11
Carrera,2025-04-03 19:40:44,false,Moderate Run – València Runners,10.02,786,00:48:33,169,187,4.4,172,187,4:51,3:21,14,13,1.19,7.5,8.9,248,4:50,404,0.0,393,594,"8,314",-12,24.0,No,00:00:22.6,13,29.0,--,--,--,00:48:10,00:48:37,-43,-31
Carrera,2025-04-01 19:40:42,false,Intervals – Sprints,10.50,852,00:54:31,161,189,4.2,168,214,5:12,2:21,11,13,1.14,7.8,8.8,255,5:11,385,0.0,371,715,"9,234",-14,21.0,No,00:00:19.6,21,25.0,--,--,--,00:53:51,01:05:53,3,14
Carrera,2025-03-31 20:07:41,false,Easy Run,4.02,288,00:21:47,131,155,2.3,168,194,5:25,3:16,3,3,1.10,8.0,8.7,259,5:23,367,0.0,355,579,"3,708",-5,23.0,No,00:00:07.7,5,27.0,--,--,--,00:21:37,00:30:45,16,19
Carrera,2025-03-31 12:08:04,false,Easy Run,7.16,563,00:37:18,155,189,3.6,168,188,5:13,4:27,16,15,1.14,8.0,9.1,262,5:12,372,0.0,367,587,"6,274",-12,26.0,No,00:00:47.2,8,30.0,--,--,--,00:37:11,00:39:28,10,26
Carrera,2025-03-28 11:54:07,false,Easy Run,10.27,839,00:53:41,162,185,4.2,169,177,5:14,4:06,39,33,1.13,8.0,9.1,262,5:13,373,0.0,369,533,"9,060",-16,25.0,No,00:01:25.3,11,32.0,--,--,--,00:53:32,00:54:32,5,26
Carrera,2025-03-26 18:36:38,false,Easy Run,6.08,437,00:30:55,146,170,3.1,169,179,5:05,4:05,30,25,1.15,7.8,9.0,256,5:06,377,0.0,373,525,"5,284",-6,21.0,No,00:00:21.1,7,26.0,--,--,--,00:30:42,00:34:14,13,27
Carrera,2025-03-25 19:39:44,false,Intervals – 5x1min,10.18,938,01:08:01,159,193,4.1,143,250,6:41,2:45,136,126,1.04,8.3,8.0,265,6:34,362,0.0,287,716,"9,942",-17,21.0,No,00:00:12.5,36,26.0,--,--,--,01:02:36,01:11:06,15,29
Carrera,2025-03-23 11:48:35,false,Tempo Run,15.04,"1,224",01:17:02,164,188,4.8,172,188,5:07,3:37,72,98,1.13,7.8,8.8,256,5:09,384,0.0,382,570,"13,238",-23,21.0,No,00:00:12.9,16,31.0,--,--,--,01:16:49,01:26:11,6,58
Carrera,2025-03-17 13:35:00,false,Easy Run,4.14,304,00:22:05,138,159,2.4,168,181,5:20,4:01,16,10,1.12,8.0,9.0,262,5:16,371,0.0,365,527,"3,730",-7,22.0,No,00:00:45.8,5,29.0,--,--,--,00:21:47,00:24:25,17,27
Carrera,2025-03-15 12:46:18,false,Long Run – 16km,16.01,"1,301",01:29:19,154,186,3.8,168,190,5:35,3:51,136,49,1.06,8.3,8.8,266,5:35,355,0.0,352,549,"15,140",-21,22.0,No,00:00:09.5,17,28.0,--,--,--,01:29:00,01:41:02,7,30
Entrenamiento en cinta,2025-03-13 19:49:55,false,Easy Run – 45 mins treadmill,8.41,537,00:45:10,136,164,2.6,161,174,5:22,4:48,--,--,1.16,8.2,9.5,272,--,362,0.0,354,402,"7,278",-8,--,No,00:02:01.8,9,--,--,--,--,00:44:28,00:45:10,--,--
Carrera,2025-03-12 13:29:31,false,Intervals – 5x1km,8.41,666,00:43:23,157,191,3.8,158,186,5:10,3:33,42,37,1.22,7.4,8.7,242,5:07,421,0.0,371,585,"6,998",-14,25.0,No,00:01:30,13,30.0,--,--,--,00:41:47,00:47:21,15,23
Carrera,2025-03-09 14:30:08,false,Recovery Run – Afternoon Run with Kathi ‍♂️,6.02,485,00:35:56,141,166,2.8,169,183,5:58,3:12,26,25,0.98,8.5,8.3,268,6:00,334,0.0,330,581,"6,122",-9,24.0,No,00:00:06.7,7,27.0,--,--,--,00:35:42,00:39:07,18,31
Carrera,2025-03-08 11:49:24,false,Recovery Run,6.23,512,00:35:58,148,163,3.0,172,181,5:46,4:13,14,14,1.01,8.4,8.4,265,5:45,343,0.0,341,478,"6,176",-10,22.0,No,00:01:06.9,7,26.0,--,--,--,00:35:49,00:36:04,14,22
Entrenamiento en cinta,2025-03-06 18:57:52,false,Easy Run,7.26,528,00:37:11,149,173,3.1,166,180,5:08,3:56,--,--,1.18,8.0,9.4,265,--,374,0.0,370,511,"6,186",-8,--,No,00:01:19.4,8,--,--,--,--,00:36:55,00:37:11,--,--
Entrenamiento en cinta,2025-03-05 12:26:46,false,Tempo Run,8.01,609,00:40:01,157,188,3.7,169,184,5:00,3:39,--,--,1.21,7.8,9.3,259,--,397,0.0,381,527,"6,734",-12,--,No,00:00:40.1,9,--,--,--,--,00:39:42,00:40:02,--,--
Carrera,2025-03-02 14:41:23,false,Long Run – 21km,21.47,"1,759",02:00:34,158,181,4.4,167,245,5:37,3:53,158,154,1.06,8.4,8.9,270,5:34,361,0.0,357,530,"20,138",-28,19.0,No,00:02:33.6,22,28.0,--,--,--,02:00:13,02:03:57,--,24
Carrera,2025-02-27 19:40:40,false,Intervals – 10x2min,11.22,885,00:55:44,162,186,4.3,172,190,4:58,3:41,10,11,1.17,7.8,9.0,254,4:58,397,0.0,389,575,"9,534",-12,20.0,No,00:00:40.0,25,24.0,--,--,--,00:55:31,00:58:39,7,18
Carrera,2025-02-24 19:10:54,false,Recovery Run – Run with Kathia,5.35,434,00:33:01,139,156,2.6,168,175,6:11,5:39,12,16,0.97,8.8,8.5,277,6:11,320,0.0,317,440,"5,514",-7,25.0,No,00:02:20.6,6,28.0,--,--,--,00:32:58,00:34:38,9,19
Carrera,2025-02-24 11:41:38,false,Recovery Run,8.05,633,00:44:34,148,168,3.2,168,180,5:32,3:35,31,26,1.07,8.3,8.8,266,5:31,356,0.0,351,598,"7,494",-13,24.0,No,00:00:15.6,9,29.0,--,--,--,00:44:16,00:47:42,7,23
Carrera,2025-02-20 15:47:06,false,Easy Run,10.29,822,00:55:51,152,180,3.6,169,180,5:26,3:57,19,21,1.09,8.2,9.0,266,5:26,363,0.0,361,551,"9,418",-13,22.0,No,00:01:25.3,11,28.0,--,--,--,00:55:49,00:55:51,7,21
Carrera,2025-02-18 19:39:46,false,Intervals – 3x10min,12.05,993,01:03:51,163,183,4.1,170,184,5:18,3:58,9,12,1.11,7.9,8.7,257,5:17,374,0.0,364,532,"10,900",-15,22.0,No,00:00:26.8,17,26.0,--,--,--,01:02:55,01:08:20,6,18
Carrera,2025-02-16 11:30:32,false,Long Run – 16km,16.15,"1,338",01:29:35,156,171,4.1,170,179,5:33,4:44,39,36,1.06,8.2,8.7,264,5:34,349,0.0,348,495,"15,268",-22,23.0,No,00:00:49.6,17,29.0,--,--,--,01:29:07,01:33:24,4,30
Carrera,2025-02-15 12:57:52,false,Easy Run – Breezyyyy,8.10,641,00:42:15,153,189,3.5,168,176,5:13,3:52,35,26,1.13,8.0,9.0,261,5:13,376,0.0,372,547,"7,134",-13,23.0,No,00:00:32.3,9,29.0,--,--,--,00:42:01,00:45:41,8,23
Carrera,2025-02-13 16:22:58,false,Tempo Run,6.46,503,00:31:23,163,191,3.7,165,184,4:52,3:00,12,10,1.24,7.4,9.1,246,4:51,420,0.0,395,658,"5,218",-11,22.0,No,00:04:12.1,7,27.0,--,--,--,00:31:01,00:34:00,15,19
Entrenamiento en pista,2025-02-11 15:57:23,false,Intervals – 10x400m,"7,712",631,00:41:30,154,190,3.5,146,192,5:23,3:19,3,2,1.26,7.2,8.7,238,5:21,416,0.0,348,609,"6,226",-12,22.0,No,00:00:54.5,24,28.0,--,--,--,00:38:00,00:54:45,14,17
Carrera,2025-02-06 16:16:49,false,Moderate Run – Some runs just feel goooood,10.13,777,00:50:32,158,186,3.9,170,186,4:59,4:00,37,29,1.16,7.8,9.0,255,5:02,386,0.0,383,551,"8,610",-12,24.0,No,00:00:37.5,11,29.0,--,--,--,00:50:04,00:55:58,6,22
Carrera,2025-02-04 08:44:28,false,Intervals – 6x Hill Reps,6.61,511,00:37:15,149,181,3.0,156,247,5:38,3:00,65,66,1.10,7.8,8.3,258,5:30,405,0.0,336,787,"5,906",-11,14.0,No,00:00:37.5,17,27.0,--,--,--,00:36:27,00:39:33,7,23
Carrera,2025-01-31 10:58:00,false,Intervals – Madrid Intervals ☀️,9.53,769,00:51:59,157,190,4.0,156,188,5:27,3:24,48,38,1.15,7.5,8.3,242,5:25,402,0.0,344,635,"8,260",-15,15.0,No,00:00:14.7,17,27.0,--,--,--,00:50:13,00:57:46,662,678
Carrera,2025-01-30 10:30:18,false,Easy Run,8.36,695,00:45:42,162,176,3.8,166,179,5:28,3:29,65,62,1.12,8.2,9.1,266,5:21,378,0.0,368,636,"7,630",-10,19.0,No,00:01:48.9,9,28.0,--,--,--,00:44:52,00:48:16,649,679
Carrera,2025-01-27 17:57:18,false,Steady Run – Blast of the legs,4.05,305,00:18:31,165,188,3.3,172,181,4:34,3:54,12,9,1.27,7.4,9.3,246,4:34,442,0.0,433,599,"3,172",-6,24.0,No,00:00:18.0,5,26.0,--,--,--,00:18:23,00:18:42,12,20
Carrera,2025-01-24 17:50:09,false,Recovery Run,5.01,413,00:30:50,142,155,2.8,168,176,6:09,4:25,9,9,0.98,8.7,8.5,274,6:03,319,0.0,316,466,"5,182",-9,24.0,No,00:00:06.8,6,26.0,--,--,--,00:30:24,00:32:06,20,30
Carrera,2025-01-20 17:22:01,false,Easy Run,8.03,653,00:44:05,158,184,3.7,167,179,5:29,3:36,30,28,1.09,8.3,9.0,268,5:29,365,0.0,359,611,"7,380",-13,21.0,No,00:00:13.3,9,26.0,--,--,--,00:43:57,00:44:48,7,22
Carrera,2025-01-19 09:29:59,false,Cool-Down,0.80,61,00:04:05.4,155,172,1.6,177,184,5:06,4:39,--,3,1.10,7.6,8.3,247,5:08,376,0.0,367,415,724,--,18.0,No,00:04:05.4,1,19.0,--,--,--,00:04:05,00:04:05.4,20,24
Carrera,2025-01-19 09:01:15,true,Race – 5K Galapagos 3F - 20:30,5.02,386,00:20:35,186,194,4.5,178,192,4:06,3:54,6,5,1.37,6.8,9.3,229,4:06,470,0.0,469,500,"3,652",-13,13.0,No,00:00:05.3,6,16.0,--,--,--,00:20:34,00:20:35,23,28
Carrera,2025-01-19 08:27:02,false,Warm-Up,1.65,138,00:10:24,137,150,2.1,155,184,6:18,4:30,6,--,1.07,7.9,8.2,261,5:58,356,0.0,316,468,"1,684",-3,15.0,No,00:04:54.5,2,28.0,--,--,--,00:09:33,00:10:24,17,26
Carrera,2025-01-13 17:52:34,false,Easy Run,5.06,369,00:26:55,139,152,2.8,167,181,5:19,4:43,22,24,1.13,8.1,9.1,265,5:17,377,0.0,370,522,"4,512",-7,17.0,No,00:00:20.1,6,25.0,--,--,--,00:26:47,00:27:02,12,21
Carrera,2025-01-12 09:38:15,true,Race – Valencia 10K,10.09,805,00:43:58,185,196,5.0,175,190,4:22,4:08,32,22,1.31,7.1,9.3,239,4:21,445,0.0,443,535,"7,674",-28,22.0,No,00:00:24.1,11,26.0,--,--,--,00:43:56,00:43:58,5,20
Carrera,2025-01-11 14:59:13,false,Moderate Run – Shakeout before tomorrow,4.02,292,00:19:57,148,181,3.1,171,181,4:58,4:07,9,5,1.17,7.7,8.9,252,4:56,408,0.0,406,514,"3,420",-6,25.0,No,00:00:06.1,5,27.0,--,--,--,00:19:47,00:23:06,20,31
Carrera,2025-01-07 13:45:18,false,Tempo Run,10.03,752,00:48:59,155,193,4.1,170,181,4:53,3:49,44,43,1.19,7.6,9.1,252,4:54,408,0.0,406,580,"8,372",-17,24.0,No,00:00:14.9,11,28.0,--,--,--,00:48:38,01:01:24,5,22
Carrera,2024-12-25 09:02:45,false,Steady Run,5.03,417,00:22:29,186,195,4.0,168,196,4:28,3:39,19,18,1.32,7.0,9.2,234,4:29,453,0.0,432,607,"3,784",-10,15.0,No,00:01:09.5,6,25.0,--,--,--,00:21:31,00:22:29,75,83
Entrenamiento en pista,2024-12-20 16:01:53,false,Intervals – 4x1km,"4,620",312,00:23:21,146,189,2.6,154,192,5:03,3:18,--,3,1.23,6.8,8.0,214,--,448,0.0,367,606,"3,646",-6,--,No,00:01:11.5,8,--,--,--,--,00:22:42,00:40:41,12,15
Carrera,2024-12-20 15:42:29,false,Warm-Up,0.89,64,00:04:45.5,136,152,1.5,169,174,5:22,4:47,--,--,1.09,8.1,8.9,263,5:27,356,0.0,354,467,798,-1,24.0,No,00:04:45.5,1,25.0,--,--,--,00:04:44,00:04:45.5,14,15
Carrera,2024-12-19 19:30:11,false,Easy Run,6.12,489,00:32:28,156,180,3.3,170,181,5:18,4:09,27,24,1.11,8.0,8.8,260,5:17,384,0.0,376,552,"5,546",-8,21.0,No,00:00:35.2,7,26.0,--,--,--,00:32:16,00:34:38,6,21
Carrera,2024-12-15 09:01:03,true,Race – Pas Ras 10k ☀️,10.04,710,00:42:49,168,191,4.5,179,192,4:16,3:43,4,7,1.30,6.9,9.0,232,4:17,450,0.0,449,539,"7,626",-17,16.0,No,00:00:09.1,11,20.0,--,--,--,00:42:46,00:42:49,-1,4
Carrera,2024-12-13 16:45:52,false,Moderate Run,5.19,398,00:25:05,164,190,3.4,171,181,4:50,4:00,12,22,1.20,7.6,9.1,251,4:53,399,0.0,395,527,"4,304",-8,23.0,No,00:01:00.9,6,25.0,--,--,--,00:25:00,00:26:44,3,20
Carrera,2024-12-07 12:41:49,false,Long Run – 17km,17.05,"1,324",01:27:13,160,180,4.5,169,179,5:07,3:15,71,68,1.14,7.9,9.0,258,5:09,392,0.0,388,629,"14,842",-24,25.0,No,00:00:16.6,18,31.0,--,--,--,01:26:50,01:40:10,1,28
Carrera,2024-12-05 14:32:58,false,Intervals – 2x2km,4.02,257,00:17:40,146,186,2.9,175,188,4:24,3:32,7,6,1.28,7.1,9.0,236,4:27,439,0.0,428,559,"3,102",-6,23.0,No,00:00:05.4,5,26.0,--,--,--,00:17:19,00:20:23,13,19
Carrera,2024-12-03 14:01:43,false,Moderate Run – Fun in the ☀️,6.02,444,00:28:59,159,188,3.5,171,225,4:49,3:33,8,8,1.20,7.6,9.0,250,4:52,398,0.0,394,560,"4,960",-10,25.0,No,00:00:09.5,7,29.0,--,--,--,00:28:44,00:33:01,19,29
Carrera,2024-11-30 15:24:30,false,Easy Run,10.13,786,00:53:04,156,180,3.8,167,237,5:14,2:56,30,33,1.13,8.1,9.1,264,5:16,373,0.0,370,569,"8,882",-15,26.0,No,00:00:40.6,11,29.0,--,--,--,00:52:56,00:55:18,5,21
Carrera,2024-11-21 17:44:43,false,Easy Run,7.05,524,00:36:38,149,181,3.3,167,210,5:12,3:46,30,30,1.14,8.1,9.1,263,5:14,396,0.0,385,551,"6,146",-10,24.0,No,00:00:13.5,8,31.0,--,--,--,00:36:36,00:43:07,5,20
Carrera,2024-11-17 08:38:25,true,Race – 10K Carrera contra Cancer de Pancreatic ✊,9.32,692,00:40:30,174,191,5.0,175,188,4:21,4:02,2,2,1.31,7.1,9.3,239,4:21,443,0.0,442,479,"7,064",-19,20.0,No,00:01:20.5,10,26.0,--,--,--,00:40:28,00:40:30,1,3
Carrera,2024-11-15 17:55:26,false,Moderate Run,4.17,276,00:19:50,144,179,3.0,166,186,4:45,3:41,21,19,1.27,7.2,9.1,243,4:38,433,0.0,406,707,"3,364",-6,22.0,No,00:00:48.4,5,28.0,--,--,--,00:18:44,00:24:05,10,19
Carrera,2024-11-12 16:27:28,false,Intervals – 5x400m,4.63,371,00:31:11,139,189,3.0,128,194,6:44,3:17,12,9,1.14,7.4,7.7,242,6:38,386,0.0,266,611,"4,162",-7,23.0,No,00:00:00.5,26,26.0,--,--,--,00:29:02,00:31:11,14,19
Carrera,2024-11-09 13:22:31,false,Easy Run,10.19,797,00:51:05,165,195,4.7,166,180,5:01,3:44,87,30,1.19,7.9,9.3,261,5:03,392,0.0,386,558,"8,504",-16,27.0,No,00:01:10.4,11,31.0,--,--,--,00:50:54,00:56:30,6,22
Carrera,2024-11-06 19:16:53,false,Easy Run,3.15,228,00:16:40,139,178,2.5,164,174,5:17,3:22,4,7,1.17,8.0,9.3,264,5:15,381,0.0,372,576,"2,746",-3,25.0,No,00:00:41.8,4,30.0,--,--,--,00:16:30,00:17:03,14,20
Carrera,2024-10-28 17:29:07,false,Easy Run,5.18,399,00:26:26,158,184,3.4,168,179,5:06,4:12,26,24,1.18,7.7,9.1,254,4:55,399,0.0,380,566,"4,498",-8,25.0,No,00:00:53.6,6,28.0,--,--,--,00:25:17,00:29:13,10,23
Carrera,2024-10-24 17:25:58,false,Easy Run,6.25,507,00:33:35,160,184,3.4,166,175,5:22,3:55,22,18,1.12,8.2,9.2,269,5:23,368,0.0,364,542,"5,566",-9,29.0,No,00:01:17.1,7,31.0,--,--,--,00:33:31,00:34:00,16,28
Carrera,2024-10-20 12:50:20,false,Intervals – 5x1km,7.75,621,00:41:39,161,193,3.7,154,183,5:22,3:23,18,12,1.17,7.6,8.6,248,5:25,410,0.0,350,599,"6,444",-13,27.0,No,00:00:00.9,14,33.0,--,--,--,00:40:47,00:46:42,8,22
Carrera,2024-10-14 18:50:43,false,Moderate Run,3.35,245,00:16:14,156,176,2.6,171,179,4:51,4:12,4,4,1.20,7.6,9.1,252,4:50,405,0.0,402,511,"2,786",-4,27.0,No,00:01:34.3,4,30.0,--,--,--,00:16:14,00:19:52,12,19
Carrera,2024-10-08 09:15:27,false,Easy Run,8.01,601,00:40:15,158,193,3.7,166,180,5:01,4:02,13,14,1.19,7.8,9.3,259,5:04,389,0.0,381,538,"6,732",-14,25.0,No,00:00:09.7,9,30.0,--,--,--,00:39:53,00:50:56,10,24
Carrera,2024-10-04 08:57:00,false,Easy Run,5.04,383,00:27:19,149,174,3.1,165,177,5:25,3:44,5,4,1.11,8.2,9.0,266,5:26,358,0.0,357,592,"4,516",-9,23.0,No,00:00:12.5,6,31.0,--,--,--,00:27:01,00:30:16,22,29
Carrera,2024-09-28 22:31:01,true,Race – Valencia Nocturna 15k,15.21,"1,166",01:08:42,184,195,5.0,173,198,4:31,2:57,24,23,1.28,7.3,9.4,245,4:31,431,0.0,429,660,"11,830",-13,27.0,No,00:00:46.8,16,29.0,--,--,--,01:08:40,01:08:42,5,23
Carrera,2024-09-28 21:51:15,false,Warm-Up,2.91,254,00:20:41,148,177,2.4,137,186,7:06,3:39,5,5,1.01,8.4,8.3,272,6:57,324,0.0,264,548,"2,946",-4,--,No,00:05:49.9,3,--,--,--,--,00:18:53,00:21:23,2,4
Carrera,2024-09-25 08:48:32,false,Tempo Run,8.35,619,00:42:30,157,191,3.8,166,181,5:05,3:47,11,18,1.18,7.9,9.2,260,5:07,386,0.0,378,558,"7,106",-15,--,No,00:01:46.2,9,--,--,--,--,00:42:11,00:51:31,11,29
Carrera,2024-09-22 09:00:48,true,Race – 5k Sant Isidre - 20:18,5.02,354,00:20:21,185,194,3.9,174,196,4:03,3:21,24,23,1.41,6.9,9.7,232,4:04,485,0.0,481,633,"3,544",-11,--,No,00:00:03.6,6,--,--,--,--,00:20:20,00:20:21,13,28
Carrera,2024-09-22 08:36:33,false,Warm-Up,0.71,70,00:08:23.7,114,143,0.8,93,172,11:54,5:16,1,1,0.95,8.9,7.9,285,11:39,256,0.0,154,366,856,-2,--,No,00:08:23.7,1,--,--,--,--,00:05:07,00:08:23.7,20,23
Carrera,2024-09-17 11:51:42,false,Easy Run,11.01,842,00:56:57,162,192,4.3,164,200,5:10,3:45,25,20,1.17,8.0,9.3,263,5:11,375,0.0,373,545,"9,428",-19,--,No,00:00:09.5,12,--,--,--,--,00:56:34,01:08:55,11,28
Carrera,2024-09-13 08:19:03,false,Easy Run,8.21,656,00:43:16,166,185,4.0,166,172,5:16,3:54,13,9,1.14,8.2,9.3,269,5:18,369,0.0,366,537,"7,150",-15,--,No,00:00:58.5,9,--,--,--,--,00:43:14,00:43:16,6,19
Carrera,2024-09-11 19:46:00,false,Moderate Run,3.02,200,00:14:14,147,188,2.7,168,179,4:43,3:16,3,8,1.26,7.7,9.5,255,4:47,430,0.0,406,604,"2,380",-4,--,No,00:00:04.5,4,--,--,--,--,00:14:04,00:14:14,9,17
Carrera,2024-09-10 08:24:06,false,Easy Run,6.14,495,00:32:27,166,179,3.6,165,172,5:17,4:33,12,11,1.15,8.2,9.4,271,5:18,370,0.0,367,454,"5,312",-11,--,No,00:00:10.6,8,--,--,--,--,00:32:24,00:32:27,8,17
Carrera,2024-09-08 09:01:06,true,Race – First race in Valencia,5.06,366,00:20:29,189,197,4.0,174,187,4:03,3:41,8,5,1.42,6.8,9.7,232,4:03,478,0.0,477,577,"3,554",-11,--,No,00:00:14.5,6,--,--,--,--,00:20:26,00:20:29,15,20
Carrera,2024-09-08 08:37:54,false,Warm-Up,0.88,67,00:05:04.9,141,161,1.4,159,171,5:46,5:09,--,2,1.10,8.4,9.1,273,5:34,353,0.0,333,388,824,-1,--,No,00:05:04.9,1,--,--,--,--,00:05:03,00:05:04.9,10,14
Carrera,2024-09-03 08:18:11,false,Easy Run,10.02,837,00:54:31,172,188,4.1,164,175,5:26,4:31,23,29,1.12,8.3,9.3,273,5:27,359,0.0,358,454,"8,928",-15,--,No,00:00:06.9,11,--,--,--,--,00:54:27,00:56:09,10,30
Carrera,2024-09-02 07:55:37,false,Easy Run – First ‍♂️ in Valencia,8.02,653,00:41:45,169,195,4.2,165,172,5:12,4:01,8,20,1.16,8.1,9.4,267,5:15,373,0.0,369,523,"6,904",-11,--,No,00:00:09.2,9,--,--,--,--,00:41:37,00:43:22,8,30
Entrenamiento en pista,2024-08-21 14:16:32,false,Intervals – 5x300m,"3,080",238,00:30:33,119,178,1.4,101,210,9:55,2:29,--,2,1.14,6.8,6.2,195,--,354,0.0,160,728,"3,262",-5,--,No,00:00:49.3,10,--,--,--,--,00:27:36,00:30:33,91,93
Carrera,2024-08-21 13:45:04,false,Warm-Up,1.90,169,00:22:07,110,142,1.2,83,186,11:37,3:06,12,9,1.00,8.5,7.5,274,11:48,276,0.0,142,638,"1,998",-4,--,No,00:05:12.4,2,--,--,--,--,00:14:38,00:22:07,87,92
Carrera,2024-08-20 19:06:33,false,Easy Run,4.12,302,00:20:49,150,187,2.9,167,173,5:03,4:09,41,43,1.20,8.0,9.5,264,4:59,411,0.0,391,645,"3,456",-6,--,No,00:00:32.3,5,--,--,--,--,00:20:36,00:20:49,79,121
Carrera,2024-08-14 19:00:57,true,Race – Marsh Gibbon 5K,4.94,369,00:20:16,191,197,3.9,175,197,4:06,3:10,11,10,1.39,6.9,9.6,232,4:06,474,0.0,471,629,"3,506",-9,--,No,00:03:51.6,5,--,--,--,--,00:20:12,00:21:21,65,71
Carrera,2024-08-14 18:21:50,false,Warm-Up,2.53,241,00:21:52,138,186,2.3,109,181,8:40,3:43,6,6,1.10,8.1,8.6,268,8:28,320,0.0,216,545,"2,462",-3,--,No,00:04:55.2,3,--,--,--,--,00:15:10,00:21:52,65,71
Carrera,2024-08-10 09:00:48,false,ParkRun,5.01,382,00:22:30,178,195,3.5,170,183,4:29,3:47,21,21,1.31,7.4,9.7,248,4:29,443,0.0,436,594,"3,814",-8,--,No,00:00:03.7,6,--,--,--,--,00:22:28,00:22:30,76,86
Carrera,2024-08-07 09:41:47,false,Easy Run,4.04,321,00:21:37,158,184,2.9,165,172,5:21,4:50,41,43,1.13,8.2,9.3,270,5:18,387,0.0,368,620,"3,570",-7,--,No,00:00:12.6,5,--,--,--,--,00:21:20,00:21:37,81,117
Carrera,2024-08-04 10:45:01,true,Race – Bedford 5K - RunThrough - PB,4.94,363,00:19:57,190,196,3.7,174,198,4:02,3:02,12,12,1.41,6.8,9.6,232,4:04,477,0.0,473,637,"3,468",-8,--,No,00:03:45.6,5,--,--,--,--,00:19:53,00:19:57,82,91
Carrera,2024-08-04 10:12:13,false,Warm-Up,2.01,203,00:16:54,145,178,2.1,128,172,8:25,5:11,1,2,0.93,8.9,8.0,284,8:28,284,0.0,218,389,"2,274",-3,--,No,00:00:04.7,3,--,--,--,--,00:14:31,00:16:54,87,89
Carrera,2024-08-03 09:00:20,false,Moderate Run – Shakeout before tomorrow ‍♂️,5.01,392,00:23:48,173,193,3.4,169,178,4:45,3:44,19,20,1.25,7.7,9.5,255,4:46,419,0.0,411,599,"4,006",-8,--,No,00:00:02.8,6,--,--,--,--,00:23:44,00:23:48,75,85
Carrera,2024-08-01 19:16:20,false,Steady Run,4.02,293,00:18:17,168,191,3.2,167,179,4:33,3:40,21,19,1.30,7.5,9.7,251,4:30,441,0.0,431,561,"3,082",-5,--,No,00:00:03.7,5,--,--,--,--,00:18:07,00:18:31,112,121
Carrera,2024-07-29 19:20:05,false,Easy Run,12.02,"1,068",01:04:02,188,218,5.0,160,171,5:20,4:17,101,100,1.16,8.0,9.3,268,5:18,384,0.0,369,524,"10,252",-19,--,No,00:00:07.0,13,--,33,20,44,01:03:56,01:07:26,77,127
Carrera,2024-07-27 09:04:43,false,ParkRun – Bucks,5.01,394,00:21:02,191,200,4.2,172,190,4:12,3:33,18,20,1.38,7.0,9.7,236,4:12,467,0.0,463,617,"3,626",-14,--,No,00:00:04.7,6,--,--,--,--,00:20:57,00:21:17,76,85
Entrenamiento en pista,2024-07-25 13:09:35,false,Intervals – 4x400m,"5,550",556,00:56:15,140,196,2.9,81,198,10:08,2:49,--,--,1.17,7.5,7.2,251,--,334,0.0,152,674,"5,454",-10,--,No,00:01:11.4,10,--,--,--,--,00:41:34,00:56:59,91,91
Carrera,2024-07-23 18:29:22,false,Easy Run – Back at it after a week off,7.12,605,00:36:56,177,210,4.2,163,174,5:11,4:08,71,72,1.18,8.2,9.6,271,5:10,393,0.0,383,532,"6,012",-10,--,No,00:00:29.7,8,--,32,25,43,00:36:51,00:36:56,95,129
Carrera,2024-07-14 12:30:18,false,Easy Run,5.52,448,00:27:45,168,189,3.6,165,173,5:01,4:05,48,49,1.21,8.0,9.6,266,4:59,407,0.0,395,583,"4,560",-9,--,No,00:02:14.3,6,--,--,--,--,00:27:42,00:27:45,81,121
Carrera,2024-07-13 09:02:01,false,Fast Run – 4km @ 4:00 pace,4.02,296,00:16:10,184,196,3.6,174,186,4:01,3:46,7,17,1.42,6.8,9.7,230,4:01,485,0.0,482,552,"2,802",-8,--,No,00:00:03.3,5,--,--,--,--,00:16:08,00:16:10,32,37
Carrera,2024-07-10 16:22:24,false,Recovery Run,4.14,332,00:24:26,145,180,2.6,139,194,5:54,3:05,2,6,1.15,7.5,8.1,242,5:52,386,0.0,297,611,"3,524",-6,--,No,00:00:04.1,13,--,--,--,--,00:23:50,00:24:26,35,38
Carrera,2024-07-08 12:57:23,false,Moderate Run,5.06,403,00:24:16,168,194,3.5,166,173,4:48,3:55,42,43,1.25,7.8,9.7,260,4:47,423,0.0,413,657,"4,012",-7,--,No,00:00:14.4,6,--,--,--,--,00:24:11,00:24:38,78,121
Carrera,2024-07-02 14:38:15,false,Moderate Run,4.08,298,00:19:59,149,174,2.6,170,181,4:54,3:35,5,6,1.20,7.8,9.1,253,4:47,405,0.0,392,556,"3,402",-6,--,No,00:00:21.5,5,--,--,--,--,00:19:43,00:22:13,35,40
Carrera,2024-06-30 14:50:40,false,Easy Run,7.46,613,00:38:08,164,183,3.5,168,176,5:06,4:21,17,20,1.16,7.9,9.2,260,5:08,381,0.0,378,499,"6,422",-9,--,No,00:02:09.2,8,--,--,--,--,00:37:56,00:38:56,35,45
Carrera,2024-06-29 09:04:25,false,ParkRun – Alexandra,5.01,319,00:20:29,152,164,2.9,175,192,4:05,3:24,4,2,1.39,6.8,9.5,231,4:05,477,0.0,471,558,"3,572",-6,--,No,00:00:06.9,6,--,--,--,--,00:20:28,00:20:29,32,36
Carrera,2024-06-25 08:47:44,false,Easy Run,5.41,420,00:29:34,146,165,2.8,167,173,5:28,4:01,7,10,1.10,8.3,9.1,269,5:28,358,0.0,355,521,"4,916",-9,--,No,00:02:00.7,6,--,--,--,--,00:29:30,00:30:23,46,52
Carrera,2024-06-22 09:05:01,false,ParkRun – Rheinpark,5.02,378,00:21:16,183,194,3.5,175,194,4:14,3:31,16,9,1.34,7.0,9.4,235,4:14,458,0.0,455,566,"3,710",-8,--,No,00:00:04.7,6,--,--,--,--,00:21:13,00:21:16,36,47
Carrera,2024-06-22 08:50:18,false,Warm-Up,1.17,88,00:06:00.9,146,165,1.5,173,184,5:07,4:09,2,2,1.12,7.8,8.8,256,5:10,373,0.0,368,508,"1,036",-2,--,No,00:00:52.7,2,--,--,--,--,00:06:00,00:06:00.9,37,40
Carrera,2024-06-20 13:45:49,false,Steady Run,4.06,294,00:18:57,160,191,3.0,168,186,4:40,3:29,3,4,1.25,7.4,9.2,247,4:42,426,0.0,411,554,"3,222",-6,--,No,00:00:18.1,5,--,--,--,--,00:18:51,00:20:51,45,49
Carrera,2024-06-18 15:27:09,false,Easy Run,7.63,626,00:41:30,162,180,3.4,165,176,5:26,4:22,13,15,1.12,8.2,9.2,269,5:27,363,0.0,358,527,"6,876",-11,--,No,00:03:11.9,8,--,--,--,--,00:41:02,00:42:23,27,38
Carrera,2024-06-15 09:03:53,false,ParkRun – Longford,5.01,375,00:20:59,186,194,3.5,175,194,4:11,3:41,5,9,1.36,6.9,9.4,233,4:12,467,0.0,462,552,"3,658",-8,--,No,00:00:06.6,6,--,--,--,--,00:20:54,00:21:03,27,31
Carrera,2024-06-12 18:57:16,false,Race – MRR 5k,5.02,384,00:22:53,176,188,3.3,174,192,4:34,3:36,29,28,1.26,7.3,9.2,244,4:32,434,0.0,430,614,"3,960",-5,--,No,00:00:07.8,6,--,--,--,--,00:22:47,00:22:56,25,33
Carrera,2024-06-11 17:53:08,false,Intervals – Sprints,6.82,545,00:43:28,148,189,2.9,136,214,6:22,3:09,8,11,1.09,7.5,7.8,251,6:18,379,0.0,280,645,"6,116",-8,--,No,00:00:02.3,25,--,--,--,--,00:41:44,00:43:37,35,39
Carrera,2024-06-08 14:33:51,false,Easy Run – Getting lost in the woods,8.02,624,00:41:44,159,182,3.4,167,180,5:12,4:10,29,33,1.15,8.0,9.1,261,5:12,388,0.0,381,613,"7,004",-10,--,No,00:00:07.4,9,--,--,--,--,00:41:22,00:45:24,26,39
Carrera,2024-06-05 18:51:07,false,Race – Manchester Road Runners 10K,10.28,896,00:50:27,188,217,5.0,169,181,4:55,3:32,53,53,1.22,7.8,9.4,258,4:52,406,0.0,402,633,"8,500",-17,--,No,00:01:17.0,11,--,25,21,38,00:50:24,00:50:27,22,33
Carrera,2024-06-04 15:41:29,false,Intervals – 10x400m,8.03,657,00:43:31,159,191,3.7,155,194,5:25,3:11,28,27,1.14,7.6,8.3,257,5:24,420,0.0,349,653,"6,774",-14,--,No,00:00:10.6,23,--,--,--,--,00:43:03,00:46:33,30,40
Carrera,2024-06-02 15:47:02,false,Recovery Run – Fun in the,11.36,957,01:05:17,158,178,3.8,164,174,5:45,5:05,29,30,1.06,8.6,9.1,277,5:44,352,0.0,349,563,"10,700",-15,--,No,00:02:00.2,12,--,--,--,--,01:05:12,01:05:36,23,35
Carrera,2024-06-01 09:03:43,false,ParkRun – Stretford,5.01,371,00:20:25,185,196,4.0,175,192,4:05,3:33,7,6,1.39,6.8,9.5,231,4:06,473,0.0,471,548,"3,580",-12,--,No,00:00:01.1,6,--,--,--,--,00:20:21,00:20:25,26,30
Carrera,2024-05-31 15:45:06,false,Easy Run,8.12,640,00:41:39,162,194,4.1,165,182,5:08,3:50,17,15,1.16,7.8,8.9,255,5:08,396,0.0,372,519,"6,898",-14,--,No,00:03:08.4,9,--,36,17,44,00:41:36,00:43:47,37,42
Carrera,2024-05-26 11:27:37,false,Easy Run,12.38,"1,076",01:03:50,175,189,5.0,168,178,5:09,4:30,132,130,1.16,8.0,9.3,264,5:06,397,0.0,387,604,"10,676",-19,--,No,00:01:52.2,13,--,38,21,43,01:03:46,01:03:52,85,130
Carrera,2024-05-25 09:03:58,false,ParkRun – Bucks,5.01,375,00:21:27,163,199,3.9,174,188,4:17,3:41,17,17,1.34,7.1,9.5,238,4:17,460,0.0,456,603,"3,720",-10,--,No,00:00:01.3,6,--,--,--,--,00:21:24,00:21:27,77,85
Carrera,2024-05-25 08:38:52,false,Warm-Up,1.06,83,00:06:30.0,122,137,1.5,164,182,6:07,5:09,8,10,1.00,8.5,8.4,268,6:00,342,0.0,322,491,"1,070",-2,--,No,00:00:23.6,2,--,--,--,--,00:06:19,00:06:49.6,79,86
Carrera,2024-05-23 17:58:19,false,Moderate Run,1.96,144,00:09:13.8,158,180,2.6,169,188,4:43,3:55,1,3,1.25,7.4,9.2,245,4:40,428,0.0,408,499,"1,570",-3,--,No,00:00:13.8,5,--,27,14,36,00:09:09.6,00:09:13.8,34,37
